event_id,simulations,score,seed
4,1,38,1970
50,4,40,1970
200,14,44,1970
425,29,45,1970
1109,73,47,1970
1340,88,51,1970
2471,156,43,1971
2486,157,44,1971
2501,158,48,1971
3194,203,50,1971
4259,269,40,1972
4274,270,41,1972
4289,271,45,1972
4394,278,47,1972
5546,347,43,1973
5576,349,46,1973
6077,380,47,1973
6701,420,48,1973
7199,452,53,1973
8204,516,41,1974
8234,518,44,1974
8540,538,56,1974
9712,608,2,1975
9728,609,40,1975
9808,614,47,1975
10156,635,51,1975
11330,700,38,1976
11384,703,42,1976
11496,710,48,1976
12386,760,49,1976
12466,765,54,1976
13632,834,41,1977
13664,836,43,1977
13894,850,45,1977
14054,860,46,1977
14102,863,48,1977
15284,933,40,1978
15300,934,45,1978
15332,936,47,1978
15900,970,48,1978
16662,1012,50,1978
17714,1072,42,1979
17730,1073,43,1979
17810,1078,44,1979
17938,1086,45,1979
18034,1092,49,1979
18508,1121,53,1979
19576,1185,46,1980
20448,1235,50,1980
21828,1312,40,1981
21844,1313,43,1981
23020,1383,43,1982
23084,1387,46,1982
23394,1406,48,1982
24528,1474,40,1983
24566,1476,41,1983
24598,1478,45,1983
24822,1492,47,1983
25550,1536,48,1983
26628,1601,43,1984
26660,1603,45,1984
26708,1606,46,1984
27590,1657,47,1984
28554,1715,58,1984
29628,1777,40,1985
29660,1779,41,1985
29810,1788,45,1985
30040,1802,47,1985
30200,1812,49,1985
