event_id,occurred_at,run_id,high_score,parameter,change,reasoning
4,2026-09-15 04:55:27.558431,73fd189a-af9d-408b-91ab-f869133d3b2b,38,,,
50,2026-09-15 05:14:01.211808,7550e04b-8592-46de-9f3c-da885705af8f,40,Batch Size,24 > 32,"The user is asking me to choose an untested batch_size value to improve the current golden high score of 38. Let me analyze what's given:

Current golden: batch_size=24, high_score=38
Comparable runs: batch_size=24, results=completed with high_score=38, history=[] (empty)
This means batch_size=24 has been tested but there's no history of earlier seeds.

I need to choose an untested batch_size value. The allowed range for batch_size is 8 to 64, with a multiple of 2.

Since I want to improve the high score, and batch_size=24 is the current best, I should try a different batch_size. Common batch sizes to try would be:
- 16 (smaller)
- 32 (larger)
- 48 or 64 (even larger)

Given that there's no history data, I'll pick a different batch_size. Let me go with 32, which is a common step up from 24 in many machine learning experiments.
"
200,2026-09-15 06:14:24.386251,f14be016-5b01-4ce6-b017-a82e977be1b2,44,"Epsilon: initial, decay",0.97 > 0.98,"The user is asking me to tune the epsilon parameters (initial and decay) for an exploration strategy, similar to what's used in reinforcement learning (specifically epsilon-greedy).

Current golden:
- initial: 0.96
- decay: 0.97
- high_score: 40

Looking at the comparable results:
- initial=0.96, decay=0.97: score=40 (this is the golden)
- initial=0.96, decay=0.98: score=[] (untested or failed)
- initial=0.98, decay=0.97: score=[] (untested or failed)
- initial=0.98, decay=0.98: score=35

So we know:
- 0.96/0.97 is the best so far (40)
- 0.96/0.98 and 0.98/0.97 haven't shown good results yet
- 0.98/0.98 gave 35

The user wants me to choose an untested pair that could potentially improve the score. The untested pairs are:
- initial=0.96, decay=0.98
- initial=0.98, decay=0.97

I need to think about which combination might work better.

In epsilon-greedy exploration:
- initial (epsilon_initial): Starting exploration probability
- decay (epsilon_decay): Multiplier applied each episode

Higher initial means more exploration at the start. Higher decay (closer to 1) means exploration persists longer.

The golden is 0.96/0.97. 

For initial=0.96, decay=0.98: This would mean keeping exploration at higher levels longer (decay closer to 1), which might be good if the problem requires sustained exploration or if the agent gets stuck in local optima early.

For initial=0.98, decay=0.97: This would mean starting with even more exploration, but decreasing at the same rate as the golden. This could help if the problem requires aggressive initial exploration.
 
I'm considering a few strategic approaches for epsilon tuning. The 0.96/0.98 combination offers an interesting balance of moderate initial exploration with sustained exploration. This could be particularly useful in environments where long-term exploration provides advantages. The 0.98/0.97 option provides more initial exploration but maintains a similar decay rate, which might help in quickly discovering optimal actions in the early stages.

Given the current golden score of 40, I want to find a combination that could potentially push the performance beyond this benchmark. The untested pairs present an opportunity to experiment with different exploration strategies that might reveal new insights into the problem's complexity.

I'll focus on the 0.96/0.98 pairing, as it offers a nuanced approach to exploration that could potentially unlock higher performance.
"
425,2026-09-15 07:48:46.762936,1b1cc9d4-fdcf-4280-acc7-cfa3d81d8d0a,45,"Food Reward: closer, further","2 > 3, -2 > -3","The user wants me to tune the reward parameters for a food-following agent. Let me analyze the current state:

Current gold values:
- closer_to_food: 2
- further_from_food: -2

Looking at the results, I can see high scores are achieved in the following cells:
- (-2, -2): score 44
- (-1, -3): score 43
- (-3, -4): score 42

So currently the best score is 44 when closer_to_food=-2 and further_from_food=-2.

Wait, I need to re-read the data. The keys show:
- rows (closer_to_food): 0, 1, 2, 3, 4, 5, 6
- columns (further_from_food): -6, -5, -4, -3, -2, -1, 0

And for row 2, column -2, there's a score of 44.
For row 3, column -1, there's a score of 43.
For row 4, column -3, there's a score of 42.

So the high scores appear when:
- closer_to_food is higher (2, 3, 4)
- further_from_food is more negative (higher penalty for moving away)

The current gold settings are:
- closer_to_food: 2
- further_from_food: -2

This gives us the best score of 44.

Now I need to suggest a new pair that could potentially improve this. Looking at the data, I see that:
- Higher closer_to_food values (3, 4) seem to correlate with good scores
- More negative further_from_food values (-3, -4) also correlate with good scores

But I should choose something that's untested. Let me look at the results more carefully:


I notice the untested configurations with potential for improvement. The goal is to find a new combination that might yield a higher score. I'll focus on exploring configurations that balance positive rewards for moving closer to food with appropriate penalties for moving away. The key is to maintain the current performance while introducing a new parameter set that could push the agent's performance further.

I'll investigate configurations that might create a more challenging environment for the agent, potentially requiring more nuanced decision-making and reward optimization.
"
1109,2026-09-15 12:56:20.348169,0fd81e8a-0037-433c-900c-70058b3f675f,47,Sequence Length,8 > 28,"The user is asking me to choose an untested sequence_length value to improve the current golden high score. Looking at the current data:

Current golden: sequence_length=8, high_score=45

From the comparable runs data, I can see the tested sequence_lengths and their results:
- sequence_length=4: high_score=38
- sequence_length=8: high_score=45 (current golden)
- sequence_length=12: high_score=38
- sequence_length=16: high_score=38
- sequence_length=20: high_score=39
- sequence_length=24: high_score=38
- sequence_length=48: high_score=37

All of these have been tested already (results exist, history is empty). The user wants me to submit an untested value.

The valid range for sequence_length is 4 to 48 with a multiple of 4. So the possible values are: 4, 8, 12, 16, 20, 24, 28, 32, 36, 40, 44, 48.

From the data, I can see:
- 4, 8, 12, 16, 20, 24, 48 are all tested
- Untested values would be: 28, 32, 36, 40, 44

I previously tried 20 which was rejected as a duplicate. Let me choose a different untested value. I'll go with 28, which is within the valid range and hasn't been tested.
"
1340,2026-09-15 16:05:10.794155,aad8ceab-1e1c-4768-b2cc-7fd797291d41,51,Batch Size,32 > 40,"The user is asking me to choose an untested batch_size value to improve the current golden high score of 47. Let me analyze the data:

Current golden:
- batch_size=32
- high_score=47

From the comparable runs data:
- batch_size=16: high_score=37 (tested)
- batch_size=32: high_score=47 (tested, this is current golden)
- batch_size=64: high_score=38 (tested)

All three batch sizes (16, 32, 64) have been tested and are already in the history. So there are no ""untested"" batch sizes shown here.

However, the task asks me to ""Choose an untested batch_size value"". Looking at the constraints for the tool:
- batch_size must be between 8 and 64
- batch_size must be a multiple of 2
- batch_size must be an integer

So valid batch sizes could be: 8, 16, 24, 32, 40, 48, 56, 64

From the data, I've seen: 16, 32, 64 tested

Untested batch sizes would be: 8, 24, 40, 48, 56

I should choose one that might improve the score. Looking at the pattern:
- 16 → 37
- 32 → 47 (best so far)
- 64 → 38

The pattern suggests that 32 is optimal among the tested values. However, I need to pick an untested value.

Let me think about which untested batch size might be promising:
- 40, 48, 56 are larger than 32 and might not perform as well if 32 is already optimal
- 8 is smaller than 16 and might not perform as well either
- 24 is between 16 and 32

Given the performance trend (37 at 16, 47 at 32, 38 at 64), it seems like smaller batches might be more efficient, but 32 was clearly the best so far.
 
I'll select batch_size=40 as a strategic choice to potentially test a slightly larger batch without jumping too far from the current optimal size of 32. This approach allows for a nuanced exploration of batch size performance while maintaining a reasonable test range.
"
