id,high_score
1,38
2,37
3,37
4,40
5,38
6,39
7,35
8,39
9,37
10,40
11,40
12,40
13,39
14,44
15,43
16,38
17,42
18,44
19,43
20,41
21,44
22,42
23,37
24,43
25,43
26,41
27,36
28,39
29,45
30,40
31,38
32,40
33,38
34,40
35,40
36,39
37,44
38,38
39,38
40,39
41,44
42,36
43,36
44,44
45,38
46,40
47,39
48,40
49,40
50,39
51,45
52,38
53,39
54,41
55,40
56,37
57,40
58,35
59,39
60,40
61,40
62,38
63,39
64,33
65,39
66,37
67,42
68,42
69,38
70,42
71,43
72,41
73,47
74,37
75,44
76,38
77,35
78,39
79,42
80,45
81,38
82,40
83,32
84,40
85,16
86,39
87,42
88,51
89,41
90,40
91,41
92,39
93,40
94,41
95,2
96,39
97,39
98,38
99,39
100,39
101,40
102,39
103,45
104,39
105,41
106,39
107,40
108,38
109,43
110,44
111,38
112,39
113,43
114,40
115,40
116,43
117,39
118,39
119,39
120,40
121,42
122,40
123,40
124,43
125,42
126,41
127,45
128,48
129,42
130,41
131,37
132,39
133,2
134,40
135,44
136,44
137,33
138,39
139,39
140,42
141,39
142,41
143,42
144,36
145,38
146,40
147,38
148,41
149,37
150,42
151,33
152,35
153,39
154,40
155,44
156,43
157,44
158,48
159,33
160,41
161,41
162,38
163,39
164,41
165,39
166,42
167,41
168,42
169,41
170,35
171,43
172,44
173,32
174,32
175,44
176,40
177,38
178,39
179,43
180,9
181,38
182,37
183,43
184,32
185,37
186,38
187,38
188,36
189,41
190,47
191,40
192,38
193,36
194,42
195,41
196,37
197,43
198,38
199,47
200,40
201,37
202,43
203,50
204,37
205,39
206,37
207,40
208,37
209,43
210,45
211,38
212,43
213,32
214,13
214,36
214,37
214,44
215,34
216,29
216,42
217,36
217,40
218,43
219,37
219,41
220,38
220,39
221,37
221,47
222,33
223,35
224,14
224,35
224,36
225,42
226,43
227,26
227,36
228,39
229,41
230,38
231,36
231,40
232,43
233,32
234,26
234,40
235,43
235,44
236,37
237,41
238,34
239,40
240,43
241,44
242,32
242,41
243,41
244,34
245,38
246,5
246,35
247,41
248,36
249,34
250,43
251,20
251,42
252,38
253,33
253,42
254,41
255,30
256,26
256,32
257,42
258,29
259,43
260,41
261,39
261,45
262,30
262,32
263,39
263,41
264,29
265,6
265,31
266,39
267,37
268,47
269,40
270,40
270,41
271,45
272,34
272,36
273,42
274,42
275,37
276,33
277,40
278,47
279,46
280,36
281,46
282,46
283,27
283,30
284,40
285,36
285,47
286,46
287,42
288,43
289,47
290,40
291,45
292,39
293,32
293,43
294,37
295,40
296,38
297,39
298,25
298,40
299,36
300,38
301,32
302,39
303,44
304,42
305,41
306,27
306,42
307,35
307,39
308,34
309,34
309,40
310,41
311,44
312,35
312,47
313,39
314,34
314,40
315,32
316,35
316,37
317,40
318,30
318,40
319,42
320,40
321,40
322,34
322,47
323,39
323,41
324,45
325,36
325,40
326,43
327,35
328,39
329,35
329,36
330,38
331,24
331,35
332,40
333,34
334,33
335,37
336,38
337,40
338,46
339,33
340,12
340,44
341,39
342,37
342,40
343,42
344,33
344,39
345,45
346,33
347,43
348,39
349,46
350,45
351,45
352,36
353,37
354,20
354,36
355,46
356,36
357,45
358,38
359,37
360,40
361,43
362,30
362,39
363,34
364,42
365,37
366,42
367,45
368,43
369,42
370,10
370,33
371,8
371,34
372,36
373,39
374,2
374,9
375,46
376,34
377,38
377,41
378,40
379,4
379,39
380,47
381,39
382,45
383,36
384,34
384,46
385,40
386,37
387,37
388,40
389,30
389,45
390,42
391,34
392,20
392,45
393,41
394,46
395,36
396,40
397,40
398,40
399,36
399,43
400,37
401,42
402,34
402,36
403,46
404,40
405,44
406,43
407,36
408,39
408,46
409,42
410,38
411,37
412,44
413,40
415,35
415,40
416,44
417,36
418,46
419,45
420,37
420,41
421,48
422,37
422,46
423,39
424,45
425,42
426,33
427,36
427,46
428,41
429,36
430,45
431,37
432,38
432,45
433,45
434,39
434,43
435,46
436,44
437,46
438,37
439,43
440,38
441,42
442,36
442,39
443,40
444,37
445,39
446,44
447,45
448,45
449,46
450,39
451,47
452,36
453,40
453,53
454,45
455,34
456,45
457,40
458,35
458,41
459,39
460,36
461,41
462,39
463,37
464,41
465,39
465,44
466,43
467,38
468,21
468,44
469,43
470,46
471,40
472,32
472,40
473,36
474,45
475,36
476,34
477,44
477,46
478,44
479,40
480,13
480,51
481,37
482,43
483,46
484,40
485,30
485,43
486,38
487,45
488,40
489,42
490,53
491,39
492,42
493,38
494,43
495,40
496,36
496,38
497,47
498,46
499,36
499,46
500,45
501,45
502,40
503,46
504,40
505,46
506,42
507,34
507,41
508,46
509,38
510,42
511,39
512,45
513,39
514,42
515,45
516,46
517,28
517,37
517,41
518,39
519,44
520,36
521,1
521,44
522,40
522,41
523,39
524,36
525,36
525,41
526,38
527,41
528,43
529,17
529,40
530,44
531,44
532,34
533,40
534,40
534,41
535,44
536,44
537,40
538,44
539,56
540,3
540,30
540,37
541,39
542,13
543,38
543,43
544,40
545,33
546,27
546,39
547,32
548,2
549,44
550,44
551,10
552,30
552,45
553,41
554,36
555,45
556,44
557,40
558,43
559,37
560,39
561,39
562,31
562,32
563,37
564,40
565,44
566,34
566,40
567,32
568,39
569,36
570,42
571,40
572,40
573,39
574,32
574,34
575,40
575,42
576,39
577,29
577,41
578,40
578,41
579,34
580,39
581,38
581,41
582,35
582,41
583,9
584,42
585,12
585,37
586,38
586,39
587,35
588,40
589,41
590,39
591,37
591,39
592,40
593,38
593,39
594,29
594,36
595,39
595,41
596,40
597,11
598,42
599,3
599,41
600,33
600,39
601,39
602,39
603,39
604,2
605,39
606,42
607,2
607,39
608,2
609,2
610,40
611,33
612,38
613,38
614,39
615,47
616,47
617,9
617,11
618,39
619,38
620,41
621,40
622,37
622,41
623,42
624,41
624,44
625,43
626,35
626,38
627,39
628,42
629,38
630,40
631,29
631,43
632,42
632,43
633,39
634,42
635,43
636,51
637,37
638,33
638,43
639,38
640,42
641,35
641,43
642,37
642,41
643,37
643,39
644,42
645,38
646,43
647,27
647,41
648,39
648,43
649,43
650,43
651,44
652,44
653,30
653,42
654,37
655,42
656,42
657,38
657,42
658,41
658,43
659,37
660,21
660,37
661,41
661,43
662,38
662,41
663,40
664,48
665,3
665,42
666,33
666,38
667,39
668,43
669,40
670,42
671,39
672,40
673,45
674,37
675,42
676,42
677,43
678,44
679,22
679,41
680,39
680,42
681,42
682,39
683,42
684,27
684,39
685,33
685,51
686,38
687,34
688,36
688,39
689,44
690,42
691,38
692,34
692,51
693,34
693,36
694,41
695,40
696,42
697,42
698,48
699,40
700,2
700,8
701,38
702,38
703,2
703,9
703,22
704,42
705,35
706,41
707,34
708,37
709,35
709,39
710,39
711,39
711,48
712,38
712,41
713,36
713,43
714,2
715,34
715,37
716,38
716,43
717,38
718,33
718,37
719,34
719,39
720,35
720,37
721,33
721,35
722,39
723,34
724,34
724,43
725,30
725,39
726,37
726,42
727,35
727,36
728,32
728,34
729,36
730,38
731,29
731,37
732,36
732,42
733,38
734,39
735,3
736,6
736,41
737,27
737,33
738,29
738,42
738,43
739,41
740,41
741,39
742,4
742,40
743,34
743,39
744,35
744,36
745,37
746,31
747,37
748,38
749,16
749,36
750,34
750,43
751,38
752,34
753,33
753,40
754,35
754,40
755,44
756,2
757,38
757,45
758,38
758,39
759,33
760,35
760,42
761,49
762,37
763,43
764,30
764,49
765,35
765,48
766,34
766,54
767,33
767,37
768,30
769,34
769,35
770,30
771,41
772,39
773,37
773,38
774,35
774,42
775,35
775,36
776,32
776,43
777,2
777,38
778,43
779,40
779,43
780,33
780,36
781,18
781,41
782,35
783,48
784,13
784,32
785,28
785,36
786,16
786,42
787,38
788,40
789,33
789,39
790,37
791,34
791,39
791,43
792,42
793,44
794,43
795,2
796,18
796,42
797,41
798,37
799,35
799,36
800,15
800,29
801,34
802,47
803,37
803,38
804,42
805,39
805,44
806,4
807,33
808,2
809,35
809,41
810,35
810,42
811,38
812,33
813,43
813,49
814,42
815,23
815,41
816,38
817,37
817,41
818,34
818,38
819,31
820,37
820,40
821,34
822,49
823,35
824,32
824,41
825,32
825,37
826,32
826,39
827,26
827,34
828,41
829,44
830,2
831,42
831,43
832,48
833,33
833,34
834,35
835,39
835,41
836,35
837,43
838,40
839,40
840,34
840,38
841,39
842,35
842,41
843,7
843,39
844,39
845,31
846,38
846,42
847,15
847,42
848,40
849,33
849,36
850,39
851,45
852,44
853,45
854,42
855,42
856,2
857,39
857,40
858,2
859,44
860,41
861,46
862,41
863,44
864,48
865,44
866,41
867,38
868,37
869,37
870,42
871,42
872,35
872,41
873,38
874,42
875,41
876,42
877,41
878,13
878,40
879,44
880,38
881,40
882,42
883,42
884,23
884,46
885,45
886,41
887,40
888,42
889,36
889,42
890,41
891,40
892,42
893,44
894,42
895,40
896,40
897,38
898,40
899,40
900,40
901,39
902,37
903,42
904,40
905,42
906,37
907,39
908,44
909,41
910,38
911,40
912,41
913,36
914,44
915,44
916,39
917,41
918,37
919,40
920,40
921,42
922,42
923,36
923,40
924,41
925,44
926,46
927,40
928,37
928,41
929,42
930,43
931,40
932,45
933,36
934,40
935,45
936,20
937,43
937,47
938,34
939,44
940,41
941,44
942,47
943,36
944,34
944,47
945,37
946,40
947,44
948,45
949,39
950,31
951,38
952,38
953,45
954,42
955,39
956,39
957,4
957,38
958,39
959,45
960,40
961,39
962,45
963,41
964,44
965,37
966,43
967,39
968,41
969,41
970,43
971,48
972,33
973,14
974,43
974,45
975,46
976,28
976,36
977,1
978,44
979,33
979,39
980,42
981,44
982,6
982,45
983,48
984,39
985,39
985,44
986,29
987,9
988,40
989,37
990,35
990,38
991,36
992,39
992,45
993,36
994,38
995,39
996,35
997,35
997,39
998,43
999,31
999,37
1000,41
1001,33
1001,44
1002,41
1003,31
1003,36
1004,1
1005,22
1005,44
1006,4
1006,10
1007,36
1007,41
1008,48
1009,38
1010,34
1011,36
1011,41
1012,39
1013,36
1013,50
1014,2
1014,12
1015,4
1015,36
1016,36
1016,41
1017,40
1018,31
1018,36
1019,20
1019,29
1019,36
1019,39
1020,36
1020,37
1021,38
1021,44
1022,37
1023,31
1024,33
1024,34
1025,34
1025,38
1026,3
1026,44
1027,27
1028,37
1029,38
1029,47
1030,25
1030,33
1031,33
1032,1
1033,34
1034,40
1034,44
1035,23
1035,32
1036,26
1036,37
1037,4
1037,45
1038,2
1039,34
1040,38
1040,44
1041,33
1041,50
1042,37
1042,47
1043,33
1043,35
1044,38
1044,39
1045,36
1045,41
1046,21
1046,37
1046,39
1047,36
1047,42
1048,22
1048,31
1049,48
1050,33
1051,33
1052,38
1053,38
1053,41
1054,14
1054,38
1055,36
1055,40
1056,3
1056,37
1057,39
1057,40
1058,37
1059,30
1060,46
1061,33
1062,2
1063,39
1063,47
1064,27
1064,33
1065,1
1066,2
1066,36
1066,39
1067,45
1067,47
1068,8
1069,36
1069,42
1070,32
1070,40
1071,41
1071,43
1072,40
1073,39
1073,42
1074,19
1074,43
1075,38
1076,36
1076,39
1077,35
1078,37
1078,39
1079,38
1079,44
1080,35
1080,40
1081,42
1082,44
1083,42
1084,44
1085,42
1086,43
1087,45
1088,44
1089,34
1089,37
1090,40
1091,37
1092,44
1093,49
1094,41
1095,39
1096,36
1096,42
1097,27
1097,37
1098,40
1099,42
1100,44
1101,49
1102,35
1102,37
1103,42
1104,1
1105,39
1106,39
1107,25
1107,42
1108,35
1109,23
1109,42
1110,36
1110,39
1111,2
1112,35
1113,31
1113,49
1114,28
1115,34
1115,40
1116,31
1116,41
1117,40
1118,41
1118,45
1119,41
1119,42
1120,40
1121,1
1122,34
1122,53
1123,37
1123,38
1124,24
1124,44
1125,40
1126,42
1127,39
1128,44
1129,43
1130,42
1131,44
1132,35
1133,42
1133,48
1134,39
1135,39
1135,42
1136,37
1136,39
1137,30
1137,38
1138,39
1139,42
1140,42
1140,43
1141,40
1142,33
1142,41
1143,14
1143,42
1144,29
1144,38
1145,36
1146,10
1147,33
1147,41
1148,34
1148,35
1149,35
1149,43
1150,41
1151,35
1151,43
1152,28
1152,37
1153,30
1154,35
1154,38
1155,41
1156,44
1157,48
1158,41
1159,44
1160,29
1160,49
1161,29
1161,41
1162,34
1162,37
1163,43
1164,35
1165,35
1165,39
1166,42
1167,33
1167,42
1168,39
1168,41
1169,35
1169,37
1170,40
1171,37
1171,40
1172,49
1173,43
1174,40
1175,38
1175,39
1176,43
1177,44
1178,40
1179,42
1180,42
1181,40
1181,49
1182,39
1183,32
1183,35
1184,36
1184,44
1185,39
1186,46
1187,42
1188,38
1188,42
1189,38
1190,37
1191,46
1192,34
1193,35
1193,44
1194,30
1194,35
1195,43
1196,17
1197,34
1197,40
1198,30
1198,43
1199,5
1199,33
1200,45
1201,37
1201,42
1202,37
1203,19
1203,39
1204,29
1204,38
1205,13
1205,44
1206,3
1206,40
1207,31
1207,41
1208,39
1208,42
1209,39
1210,35
1210,46
1211,37
1211,40
1212,39
1212,43
1213,44
1214,35
1215,42
1216,41
1216,46
1217,38
1218,43
1219,45
1220,38
1221,41
1222,21
1222,42
1223,38
1224,35
1224,42
1225,43
1226,42
1227,38
1228,38
1228,46
1229,37
1229,45
1230,39
1230,41
1231,41
1232,38
1233,40
1234,9
1234,43
1235,34
1236,50
1237,35
1237,40
1238,39
1239,26
1239,46
1240,41
1240,43
1241,38
1241,42
1242,34
1242,40
1243,43
1244,36
1244,40
1245,35
1246,38
1246,41
1247,41
1248,50
1249,38
1250,38
1250,45
1251,2
1252,40
1253,32
1253,50
1254,41
1255,41
1256,39
1256,41
1257,34
1257,41
1258,40
1259,39
1259,42
1260,35
1260,40
1261,34
1261,42
1262,42
1263,39
1264,44
1265,46
1266,29
1267,38
1267,40
1268,48
1269,22
1269,46
1270,39
1270,46
1271,37
1271,40
1272,39
1273,24
1273,42
1274,45
1275,36
1275,42
1276,42
1277,36
1277,44
1278,37
1279,46
1280,2
1281,39
1282,41
1283,33
1283,39
1284,27
1284,44
1285,39
1286,35
1287,39
1288,35
1289,38
1289,42
1290,35
1290,44
1291,45
1291,46
1292,40
1293,38
1293,42
1294,2
1295,37
1295,38
1296,44
1297,29
1297,41
1297,42
1298,40
1298,46
1299,38
1299,41
1300,44
1301,2
1302,31
1302,39
1303,32
1303,42
1304,38
1305,42
1306,36
1306,39
1307,41
1308,30
1308,38
1309,35
1309,46
1310,41
1310,46
1311,27
1311,38
1312,37
1312,43
1313,37
1313,40
1314,43
1315,31
1315,42
1316,39
1317,14
1317,40
1318,40
1319,38
1320,39
1321,22
1321,39
1322,36
1322,40
1323,40
1324,34
1324,35
1325,39
1325,42
1326,41
1327,37
1327,39
1328,40
1329,38
1330,39
1331,33
1331,40
1332,36
1332,41
1333,43
1334,37
1334,40
1335,33
1335,38
1336,40
1337,32
1338,29
1338,39
1339,36
1340,36
1340,42
1341,36
1341,37
1342,28
1342,35
1343,42
1344,28
1344,35
1345,31
1345,43
1346,39
1347,43
1348,38
1349,37
1350,37
1351,22
1351,35
1352,39
1353,35
1353,41
1354,43
1355,38
1355,41
1356,39
1357,41
1358,33
1358,36
1359,32
1359,35
1360,38
1361,41
1362,39
1363,40
1364,38
1365,12
1366,36
1366,40
1367,40
1368,38
1369,39
1370,43
1371,37
1372,39
1373,31
1373,42
1374,42
1375,43
1376,39
1377,37
1378,43
1379,33
1380,29
1380,41
1381,30
1381,38
1382,31
1382,42
1383,33
1383,40
1384,41
1384,43
1385,36
1385,39
1386,41
1386,42
1387,39
1388,37
1388,46
1389,46
1390,46
1391,42
1392,45
1393,34
1393,43
1394,40
1394,42
1395,39
1396,43
1397,31
1397,39
1398,45
1399,46
1400,44
1401,45
1401,46
1402,41
1403,41
1404,34
1404,38
1405,39
1405,46
1406,38
1406,45
1407,48
1408,40
1409,45
1410,40
1411,39
1412,46
1413,41
1414,45
1414,46
1415,45
1416,44
1417,43
1418,43
1419,38
1420,43
1421,41
1422,42
1423,40
1424,39
1425,46
1426,45
1427,45
1428,46
1429,41
1430,45
1431,43
1432,42
1433,42
1434,43
1435,35
1436,34
1437,41
1438,46
1439,41
1440,41
1441,39
1442,40
1443,43
1444,46
1445,41
1446,38
1447,40
1448,41
1449,36
1449,43
1450,41
1451,40
1452,41
1453,45
1454,45
1455,46
1456,41
1457,25
1457,45
1458,45
1459,41
1460,38
1461,42
1462,39
1463,43
1464,43
1465,39
1466,40
1467,45
1468,41
1469,43
1470,35
1471,42
1472,46
1473,43
1474,46
1475,40
1476,35
1477,41
1478,38
1479,45
1480,36
1481,42
1482,38
1483,37
1483,39
1484,43
1485,36
1485,39
1486,40
1487,35
1487,40
1488,40
1489,15
1489,42
1490,45
1491,45
1492,20
1493,47
1494,42
1495,40
1496,43
1497,38
1498,43
1499,38
1500,34
1500,40
1501,47
1502,46
1503,38
1504,39
1505,36
1505,47
1506,13
1507,40
1508,42
1509,40
1510,47
1511,32
1511,47
1512,35
1512,40
1513,37
1513,38
1514,40
1515,32
1515,41
1516,43
1517,46
1518,38
1518,40
1519,36
1520,44
1521,38
1522,45
1522,47
1523,37
1524,42
1525,37
1526,39
1527,29
1527,42
1528,38
1529,47
1530,40
1531,39
1532,32
1532,40
1533,42
1534,32
1535,42
1536,35
1536,37
1537,48
1538,37
1539,38
1539,48
1540,42
1541,28
1541,36
1542,43
1543,38
1544,47
1545,40
1546,40
1547,41
1548,42
1549,45
